energy,variable,bin_center,mean,sem,n_events,low_stats
350 GeV,Concurrence,-0.95,0.0009136195200709524,2.421237899490872e-05,434,False
350 GeV,Concurrence,-0.8500000000000001,0.0025179556122978917,2.0227651327311504e-05,441,False
350 GeV,Concurrence,-0.75,0.0038988162097009734,1.8055237279006145e-05,433,False
350 GeV,Concurrence,-0.6499999999999999,0.005063802463588406,1.4576318079149441e-05,430,False
350 GeV,Concurrence,-0.55,0.006050465044869719,1.2174158764844639e-05,431,False
350 GeV,Concurrence,-0.45,0.006784457223823716,9.449469959169137e-06,436,False
350 GeV,Concurrence,-0.35,0.007358539677357198,5.978756947537253e-06,492,False
350 GeV,Concurrence,-0.25,0.007727811058305816,3.88588801662703e-06,441,False
350 GeV,Concurrence,-0.15000000000000002,0.00792951926942712,1.4408557196528316e-06,497,False
350 GeV,Concurrence,-0.05,0.007955599129982064,6.898401669267495e-07,537,False
350 GeV,Concurrence,0.05,0.00782569702397342,2.7134262956662815e-06,499,False
350 GeV,Concurrence,0.15000000000000002,0.007534496620872547,4.53338879533016e-06,508,False
350 GeV,Concurrence,0.25,0.007107926342058525,6.2589981060348734e-06,534,False
350 GeV,Concurrence,0.35,0.006548481413956054,8.141266920367411e-06,507,False
350 GeV,Concurrence,0.45,0.005852277145349265,9.039988918678352e-06,539,False
350 GeV,Concurrence,0.55,0.005032981189680957,1.1475995002239506e-05,529,False
350 GeV,Concurrence,0.6499999999999999,0.004076412429410785,1.2567189607890693e-05,532,False
350 GeV,Concurrence,0.75,0.003044922195109916,1.3181222519392435e-05,568,False
350 GeV,Concurrence,0.8500000000000001,0.0019143962017601495,1.3997312654388006e-05,637,False
350 GeV,Concurrence,0.95,0.0006843432448666704,1.5525504721759183e-05,575,False
365 GeV,Concurrence,-0.95,0.004699006203653752,0.00015032443099460713,361,False
365 GeV,Concurrence,-0.8500000000000001,0.013540951381195243,0.00011888993147626925,391,False
365 GeV,Concurrence,-0.75,0.020819791217491456,9.332177778910733e-05,369,False
365 GeV,Concurrence,-0.6499999999999999,0.026418726702694476,7.900034222595273e-05,379,False
365 GeV,Concurrence,-0.55,0.03094254726703962,5.7015021003959655e-05,388,False
365 GeV,Concurrence,-0.45,0.034185052849852286,3.8818664405920485e-05,398,False
365 GeV,Concurrence,-0.35,0.036296165968841373,2.162743662215248e-05,476,False
365 GeV,Concurrence,-0.25,0.03739538652909662,9.71367779802304e-06,432,False
365 GeV,Concurrence,-0.15000000000000002,0.03762352077577688,3.060350404288348e-06,485,False
365 GeV,Concurrence,-0.05,0.03703332703957889,1.3395273392097523e-05,464,False
365 GeV,Concurrence,0.05,0.035733495480732985,2.1270397330501323e-05,491,False
365 GeV,Concurrence,0.15000000000000002,0.033752295327803335,2.8186784613789874e-05,536,False
365 GeV,Concurrence,0.25,0.031257448311255286,3.41574565974751e-05,525,False
365 GeV,Concurrence,0.35,0.028182527500508616,3.8440339477672574e-05,575,False
365 GeV,Concurrence,0.45,0.02464365346844059,4.646939523614495e-05,545,False
365 GeV,Concurrence,0.55,0.02084652290598284,4.788087722346535e-05,581,False
365 GeV,Concurrence,0.6499999999999999,0.0166027574715524,5.144146548425575e-05,607,False
365 GeV,Concurrence,0.75,0.012211388267246215,5.2091048165395026e-05,654,False
365 GeV,Concurrence,0.8500000000000001,0.007463578320599433,5.553434818141161e-05,646,False
365 GeV,Concurrence,0.95,0.0025780814424799167,5.4214107647046116e-05,697,False
500 GeV,Concurrence,-0.95,0.04456748498775123,0.0018899175518363239,190,False
500 GeV,Concurrence,-0.8500000000000001,0.12990829596054299,0.0013838528438738567,210,False
500 GeV,Concurrence,-0.75,0.18945144370040365,0.0009402445666012593,252,False
500 GeV,Concurrence,-0.6499999999999999,0.2342267102321262,0.0006250688986846226,258,False
500 GeV,Concurrence,-0.55,0.26261464209727015,0.00035938549535779064,270,False
500 GeV,Concurrence,-0.45,0.2755176169818105,0.0001271744599188875,281,False
500 GeV,Concurrence,-0.35,0.2771136582572488,6.016291340504654e-05,307,False
500 GeV,Concurrence,-0.25,0.26974601459184516,0.00018143300931604609,312,False
500 GeV,Concurrence,-0.15000000000000002,0.255854898836222,0.00024217896161661005,393,False
500 GeV,Concurrence,-0.05,0.23799308454101029,0.00027133842080613444,463,False
500 GeV,Concurrence,0.05,0.21588800486806925,0.000316291669911058,408,False
500 GeV,Concurrence,0.15000000000000002,0.19302003919907101,0.0003092418403647933,511,False
500 GeV,Concurrence,0.25,0.16833323350907559,0.0002849070083513886,571,False
500 GeV,Concurrence,0.35,0.1444084311000673,0.00028271026302406876,608,False
500 GeV,Concurrence,0.45,0.11976664379629673,0.00027954005830832426,653,False
500 GeV,Concurrence,0.55,0.09656993339239267,0.0002457420425209528,757,False
500 GeV,Concurrence,0.6499999999999999,0.07344338397838086,0.0002292126440086675,807,False
500 GeV,Concurrence,0.75,0.05141221640506463,0.00021091973259704247,848,False
500 GeV,Concurrence,0.8500000000000001,0.03015590260551501,0.00020395792183413244,888,False
500 GeV,Concurrence,0.95,0.009409393763238575,0.0001806165408437021,1013,False
700 GeV,Concurrence,-0.95,0.08999674684260595,0.003903822775508522,157,False
700 GeV,Concurrence,-0.8500000000000001,0.24777301692581138,0.003034034188031799,187,False
700 GeV,Concurrence,-0.75,0.3811593744439905,0.0024638856113906294,159,False
700 GeV,Concurrence,-0.6499999999999999,0.465526822547926,0.0013295361168935904,199,False
700 GeV,Concurrence,-0.55,0.5098744152640753,0.0005772186956390987,208,False
700 GeV,Concurrence,-0.45,0.5227788887661977,5.893220270159339e-05,247,False
700 GeV,Concurrence,-0.35,0.5109937506684105,0.0003820257442867775,272,False
700 GeV,Concurrence,-0.25,0.480718836455829,0.0006309412358503839,283,False
700 GeV,Concurrence,-0.15000000000000002,0.4418004588040945,0.0006435899869297597,356,False
700 GeV,Concurrence,-0.05,0.39663608128337596,0.0006875345922774925,386,False
700 GeV,Concurrence,0.05,0.34961131627206854,0.0006495016668383439,416,False
700 GeV,Concurrence,0.15000000000000002,0.3032977537419527,0.0006052988197015344,475,False
700 GeV,Concurrence,0.25,0.2581117908392395,0.0005305378746951696,556,False
700 GeV,Concurrence,0.35,0.21476605847131225,0.0004758995217664419,648,False
700 GeV,Concurrence,0.45,0.1755014890062017,0.00043776506559671324,658,False
700 GeV,Concurrence,0.55,0.13770323148466035,0.00037077638190521065,767,False
700 GeV,Concurrence,0.6499999999999999,0.10255667301445928,0.00031795028716236637,891,False
700 GeV,Concurrence,0.75,0.07060080469997718,0.00029615872575365957,959,False
700 GeV,Concurrence,0.8500000000000001,0.040498793635130384,0.0002640923462445298,1024,False
700 GeV,Concurrence,0.95,0.012848943695271533,0.00022547284076501376,1152,False
1000 GeV,Concurrence,-0.95,0.12383441870718764,0.006210119380563172,131,False
1000 GeV,Concurrence,-0.8500000000000001,0.3516030545151552,0.004647303211505869,168,False
1000 GeV,Concurrence,-0.75,0.5308874954349827,0.003363622110299101,175,False
1000 GeV,Concurrence,-0.6499999999999999,0.6490985160983965,0.0020012636954262917,166,False
1000 GeV,Concurrence,-0.55,0.7104069342701583,0.0006192723365128683,189,False
1000 GeV,Concurrence,-0.45,0.7165442601068287,0.0003312181927987649,188,False
1000 GeV,Concurrence,-0.35,0.6851335721841908,0.0008426872269514226,240,False
1000 GeV,Concurrence,-0.25,0.6343141343998516,0.0010060145457680852,295,False
1000 GeV,Concurrence,-0.15000000000000002,0.5699950573585726,0.0010755920794260462,307,False
1000 GeV,Concurrence,-0.05,0.5014632631983493,0.0010030445829565563,353,False
1000 GeV,Concurrence,0.05,0.43518105300080606,0.0009282635497257555,428,False
1000 GeV,Concurrence,0.15000000000000002,0.37218599155146637,0.0007984191078433655,494,False
1000 GeV,Concurrence,0.25,0.3100056192576434,0.0006824952974932274,563,False
1000 GeV,Concurrence,0.35,0.2548213584996501,0.0005941152672189615,648,False
1000 GeV,Concurrence,0.45,0.20570156277429544,0.0005239812309526213,678,False
1000 GeV,Concurrence,0.55,0.16029752577187312,0.00044076513359389774,832,False
1000 GeV,Concurrence,0.6499999999999999,0.1187323622830871,0.0003817315429065497,881,False
1000 GeV,Concurrence,0.75,0.08042077015758886,0.00032650815890649147,1003,False
1000 GeV,Concurrence,0.8500000000000001,0.045636665609437396,0.00028948985753247697,1088,False
1000 GeV,Concurrence,0.95,0.01469184687409414,0.00025424671082648444,1173,False
1500 GeV,Concurrence,-0.95,0.14554588265706148,0.007334127200995708,137,False
1500 GeV,Concurrence,-0.8500000000000001,0.4163743256393865,0.0067038638321813716,120,False
1500 GeV,Concurrence,-0.75,0.6290773899758356,0.004438706044400632,145,False
1500 GeV,Concurrence,-0.6499999999999999,0.7830561156869709,0.0027343814333192955,135,False
1500 GeV,Concurrence,-0.55,0.8491807264125241,0.0006670862129966254,177,False
1500 GeV,Concurrence,-0.45,0.8471143428569132,0.0005258837769329812,199,False
1500 GeV,Concurrence,-0.35,0.802903190256761,0.0012043420289442183,208,False
1500 GeV,Concurrence,-0.25,0.7287594168136078,0.0013050935945652321,287,False
1500 GeV,Concurrence,-0.15000000000000002,0.6472094799155957,0.0014192763486037228,296,False
1500 GeV,Concurrence,-0.05,0.5655345165157045,0.0013681905484704939,325,False
1500 GeV,Concurrence,0.05,0.4837791904048998,0.0010790116692433215,434,False
1500 GeV,Concurrence,0.15000000000000002,0.4100758164063317,0.0009760715193735448,444,False
1500 GeV,Concurrence,0.25,0.3393466823914889,0.0008217026602457438,551,False
1500 GeV,Concurrence,0.35,0.27869507846628694,0.0006670064199809316,653,False
1500 GeV,Concurrence,0.45,0.22231282110299896,0.0005797078981927957,701,False
1500 GeV,Concurrence,0.55,0.1720808440195552,0.00047640110889401516,821,False
1500 GeV,Concurrence,0.6499999999999999,0.12601148280315355,0.0004106624218874697,917,False
1500 GeV,Concurrence,0.75,0.08522189056243945,0.0003442085637825855,1080,False
1500 GeV,Concurrence,0.8500000000000001,0.048830674728509604,0.0002971325322624264,1113,False
1500 GeV,Concurrence,0.95,0.015509375668583642,0.0002608533477057697,1257,False
2000 GeV,Concurrence,-0.95,0.13868140155725883,0.007066032989218929,139,False
2000 GeV,Concurrence,-0.8500000000000001,0.4250702488423543,0.007234960857978309,119,False
2000 GeV,Concurrence,-0.75,0.6796066006092488,0.005432310590120095,128,False
2000 GeV,Concurrence,-0.6499999999999999,0.8368486764012367,0.0027200167963368966,143,False
2000 GeV,Concurrence,-0.55,0.9029117962714307,0.00073880105563661,149,False
2000 GeV,Concurrence,-0.45,0.9005290634053206,0.0007637124913139306,174,False
2000 GeV,Concurrence,-0.35,0.8474309012383991,0.0014252700551507858,189,False
2000 GeV,Concurrence,-0.25,0.7671439233450277,0.0015960486969607045,256,False
2000 GeV,Concurrence,-0.15000000000000002,0.6796449527694238,0.001525332296072108,305,False
2000 GeV,Concurrence,-0.05,0.5899225542867018,0.0013156996812734515,355,False
2000 GeV,Concurrence,0.05,0.5028247223185713,0.0012073560938782384,411,False
2000 GeV,Concurrence,0.15000000000000002,0.42336464615067076,0.0009610246269091776,522,False
2000 GeV,Concurrence,0.25,0.3510024217878523,0.0008382270787267459,560,False
2000 GeV,Concurrence,0.35,0.2869697453250255,0.0006949407731068385,645,False
2000 GeV,Concurrence,0.45,0.22795655272215362,0.0005892849407904288,723,False
2000 GeV,Concurrence,0.55,0.17618032796448949,0.0004801031355603684,854,False
2000 GeV,Concurrence,0.6499999999999999,0.13045040527545307,0.0004225361759438875,925,False
2000 GeV,Concurrence,0.75,0.08770844042440301,0.0003667977234965008,1000,False
2000 GeV,Concurrence,0.8500000000000001,0.04987090099808494,0.00030624745465940154,1175,False
2000 GeV,Concurrence,0.95,0.015569959572897089,0.000263691604128593,1228,False
2500 GeV,Concurrence,-0.95,0.1480265342997873,0.0077875123060952445,136,False
2500 GeV,Concurrence,-0.8500000000000001,0.4494989708701532,0.00606858510522658,147,False
2500 GeV,Concurrence,-0.75,0.6875534157139427,0.0053219393576051915,129,False
2500 GeV,Concurrence,-0.6499999999999999,0.8630444064017138,0.0030379554100551315,131,False
2500 GeV,Concurrence,-0.55,0.9308213710162796,0.0006967491777533175,164,False
2500 GeV,Concurrence,-0.45,0.9245604686122493,0.0008141597150028021,170,False
2500 GeV,Concurrence,-0.35,0.8723838558902431,0.0013641320302903472,233,False
2500 GeV,Concurrence,-0.25,0.7858684120043615,0.0015913481581980111,258,False
2500 GeV,Concurrence,-0.15000000000000002,0.6947322130242162,0.0015241695219123772,311,False
2500 GeV,Concurrence,-0.05,0.5979765066839174,0.0014434630992933087,329,False
2500 GeV,Concurrence,0.05,0.5100721466837181,0.0012019371327248952,436,False
2500 GeV,Concurrence,0.15000000000000002,0.4297940813512518,0.001070849215960406,437,False
2500 GeV,Concurrence,0.25,0.35618743285219207,0.0008878279276742431,519,False
2500 GeV,Concurrence,0.35,0.2896088282562058,0.0007057294586744639,652,False
2500 GeV,Concurrence,0.45,0.2305143747736697,0.0006179398813908698,689,False
2500 GeV,Concurrence,0.55,0.17797828162002996,0.0005018766111114039,819,False
2500 GeV,Concurrence,0.6499999999999999,0.13083247939656276,0.0004356151981035258,906,False
2500 GeV,Concurrence,0.75,0.08865576411618709,0.0003561286012939232,1063,False
2500 GeV,Concurrence,0.8500000000000001,0.05005446591831816,0.0003059307084540051,1149,False
2500 GeV,Concurrence,0.95,0.015581072079658352,0.00025803008750560684,1322,False
3000 GeV,Concurrence,-0.95,0.15369906862147759,0.007585607994731135,144,False
3000 GeV,Concurrence,-0.8500000000000001,0.4579960010919715,0.008427646030104043,112,False
3000 GeV,Concurrence,-0.75,0.7033894329286939,0.005606740085195043,126,False
3000 GeV,Concurrence,-0.6499999999999999,0.8751984396599466,0.0031130974463241977,122,False
3000 GeV,Concurrence,-0.55,0.9460045243093581,0.000711186722648474,148,False
3000 GeV,Concurrence,-0.45,0.9385486597689776,0.0008447004952118804,154,False
3000 GeV,Concurrence,-0.35,0.8818435099294537,0.0015367611336206137,201,False
3000 GeV,Concurrence,-0.25,0.7941291387578959,0.0017685248641420973,241,False
3000 GeV,Concurrence,-0.15000000000000002,0.698596455015209,0.0016032594597410077,303,False
3000 GeV,Concurrence,-0.05,0.605043857753183,0.0013236747109838425,390,False
3000 GeV,Concurrence,0.05,0.5145816858435164,0.0012337417153897563,434,False
3000 GeV,Concurrence,0.15000000000000002,0.4330762571120983,0.0010312514683367955,499,False
3000 GeV,Concurrence,0.25,0.3580388406801033,0.0008815129312200784,546,False
3000 GeV,Concurrence,0.35,0.292551846987132,0.000689236184744271,706,False
3000 GeV,Concurrence,0.45,0.23239978043373588,0.0005861960325526906,716,False
3000 GeV,Concurrence,0.55,0.17871029984564685,0.0005101992064679241,802,False
3000 GeV,Concurrence,0.6499999999999999,0.1317423168745084,0.000442791788266137,896,False
3000 GeV,Concurrence,0.75,0.08903039732638919,0.0003727646320656281,995,False
3000 GeV,Concurrence,0.8500000000000001,0.050541058511709834,0.00030786130218204006,1174,False
3000 GeV,Concurrence,0.95,0.015541653061458185,0.0002592162409010581,1291,False
