Energy (GeV),Observable,peak_magnitude,err_low,err_high,bootstrap_std,n_bootstrap
350,Concurrence,0.007955599129982064,6.356051448393185e-07,7.005698178935704e-07,6.661164757395616e-07,200
365,Concurrence,0.03762352077577689,3.3661746353594313e-06,3.2433719001009886e-06,3.3571453253720186e-06,200
500,Concurrence,0.2771136582572489,5.338462622206386e-05,6.350307978719716e-05,5.621982380236976e-05,200
700,Concurrence,0.5227788887661978,5.333125662887461e-05,6.009033524456697e-05,5.853036176394605e-05,200
1000,Concurrence,0.7165442601068287,0.0003925979571708371,0.0003447665123209598,0.00034754853718684317,200
1500,Concurrence,0.8491807264125241,0.0007094108422561751,0.0007085795009705853,0.0006870428745507237,200
2000,Concurrence,0.9029117962714309,0.0007652244812715869,0.0008124956320847421,0.0007651762578758745,200
2500,Concurrence,0.9308213710162796,0.0006916571624157042,0.0007224900181269645,0.0007141217609942338,200
3000,Concurrence,0.9460045243093581,0.000656884458502871,0.0006590108072195289,0.0006825608357141752,200
350,EOF,0.0002751697936711585,3.864173449486452e-08,4.762921563085994e-08,4.1438523602740706e-08,200
365,EOF,0.004568963990956763,7.662541427417083e-07,6.366425968499026e-07,6.881687958406152e-07,200
500,EOF,0.1390847825535239,4.424968218319503e-05,5.193393586788719e-05,4.5474346547278706e-05,200
700,EOF,0.37982283860365906,6.87114550332879e-05,6.542469904929904e-05,6.50542226440959e-05,200
1000,EOF,0.6129150141935007,0.0003862897640432017,0.0003653998475761089,0.0004235115935183278,200
1500,EOF,0.7882610168704298,0.0009465106528779854,0.0009681383361785922,0.0009194136265927016,200
2000,EOF,0.8623119767465446,0.0009089139851420347,0.0009505470684226802,0.0009760962636582714,200
2500,EOF,0.9014007205802829,0.0007532795841994622,0.0010012302901427628,0.0009207047545415961,200
3000,EOF,0.9228367130731687,0.0008790507534017777,0.0011926307461900265,0.0010525357366421362,200
350,Negativity,0.003977802148872073,2.988174046970188e-07,3.4797484476517537e-07,3.449574074057886e-07,200
365,Negativity,0.018811758443354847,1.6954563346119333e-06,1.700031851833983e-06,1.6858032977127774e-06,200
500,Negativity,0.13855677963260957,2.771593333134037e-05,2.561708243023486e-05,2.943017364079845e-05,200
700,Negativity,0.26138940827888657,3.080729301124796e-05,2.749031014537273e-05,2.951723213994328e-05,200
1000,Negativity,0.35827211945009574,0.00015307684346871353,0.00016019556664609302,0.00016398739382468365,200
1500,Negativity,0.4245903624035008,0.0002468305222977918,0.0003652733211271242,0.000311904292338643,200
2000,Negativity,0.4514559003625953,0.00033689751225002285,0.000435349316536493,0.000382328516206622,200
2500,Negativity,0.46541068911486694,0.00035629707734685656,0.0003971289942834577,0.00036876340009680804,200
3000,Negativity,0.47300226590182093,0.0003009317600575212,0.0003872078391317091,0.0003619148543371995,200
350,Purity,0.6041294501161374,1.4548013171244989e-05,1.3092730419161924e-05,1.3830718526442778e-05,200
365,Purity,0.6138189579229493,4.267141458158541e-05,4.3931304557598416e-05,4.367038590855788e-05,200
500,Purity,0.6450034474740423,0.00011006044045802632,0.00013752054225901755,0.00011835619091405991,200
700,Purity,0.7139112413033801,2.780761709386681e-05,3.0341345837126e-05,2.93916266886406e-05,200
1000,Purity,0.8124730233502191,7.96060709467028e-05,9.390538430809059e-05,8.312157706013577e-05,200
1500,Purity,0.8995096335218196,0.00015888858458978916,0.0001584940489075537,0.00015507356773907034,200
2000,Purity,0.9382339021892474,0.00016458622897375097,0.0001630681926908517,0.00017302699162569896,200
2500,Purity,0.9583769520409636,0.00016838956869869026,0.00020853198455594857,0.00018562214330688717,200
3000,Purity,0.9698897110005152,0.000199058449848577,0.00021311300703108493,0.00020526182911008523,200
