Energy (GeV),Concurrence,EOF,Negativity,Purity
350,0.007955599129982064,0.0002751697936711585,0.003977802148872073,0.6041294501161374
365,0.03762352077577689,0.004568963990956763,0.018811758443354847,0.6138189579229493
500,0.2771136582572489,0.1390847825535239,0.13855677963260957,0.6450034474740423
700,0.5227788887661978,0.37982283860365906,0.26138940827888657,0.7139112413033801
1000,0.7165442601068287,0.6129150141935007,0.35827211945009574,0.8124730233502191
1500,0.8491807264125241,0.7882610168704298,0.4245903624035008,0.8995096335218196
2000,0.9029117962714309,0.8623119767465446,0.4514559003625953,0.9382339021892474
2500,0.9308213710162796,0.9014007205802829,0.46541068911486694,0.9583769520409636
3000,0.9460045243093581,0.9228367130731687,0.47300226590182093,0.9698897110005152
