Energy (GeV),Observable,peak_position,err_low,err_high,bootstrap_std,n_bootstrap
350,Concurrence,-0.0832802078794711,0.0008879964457577799,0.0007555709466168792,0.000867988457164081,200
365,Concurrence,-0.1721219057085328,0.0009638262208709336,0.0010248757646472428,0.000986070698793181,200
500,Concurrence,-0.3821943621850637,0.0016370738957953712,0.0011620285947537834,0.0013653472105439898,200
700,Concurrence,-0.4477331854739682,0.0015193074186062305,0.001103394779873701,0.0013238554049138128,200
1000,Concurrence,-0.4836547257172854,0.0014972724420175276,0.0013492325508475678,0.001483583498097243,200
1500,Concurrence,-0.5030302880569401,0.0011665169792807184,0.0013454756450757,0.001243194033597164,200
2000,Concurrence,-0.5034811939231586,0.001321780542365203,0.0013698740427101619,0.0014977057777757557,200
2500,Concurrence,-0.5084563516699605,0.0013103097617469528,0.0015240350841317918,0.0014094322074435016,200
3000,Concurrence,-0.50952680659959,0.0010525137545273067,0.0014890215253802186,0.0012255664820337738,200
350,EOF,-0.08320756852938421,0.0009156932465581719,0.0009694534389484838,0.0009312395123683148,200
365,EOF,-0.17205378447523367,0.0010324991534202688,0.000913910687045133,0.0009707396850001161,200
500,EOF,-0.3821221059814443,0.0013729164980749164,0.0012788174360686133,0.0012494524716517485,200
700,EOF,-0.4477676371196556,0.0012096839793214742,0.0013657460481487638,0.0013874189194053403,200
1000,EOF,-0.4835705865721981,0.0017108601108317134,0.0015427607476342087,0.0016426031035892403,200
1500,EOF,-0.5030896521869952,0.0013998334035875137,0.001071955292552329,0.001318214245001773,200
2000,EOF,-0.5035298737138583,0.0016411308786378198,0.0015059463415142416,0.001469991882782033,200
2500,EOF,-0.5085679748856718,0.0012781986530017164,0.0012967447194415227,0.0012563566380295501,200
3000,EOF,-0.5096503740735598,0.0013366499554610112,0.0011015968580263547,0.0011713255740689935,200
350,Negativity,-0.08328013795147812,0.000921655589959644,0.0009008875600114707,0.000878311067682599,200
365,Negativity,-0.17212185882820932,0.0009602849110013634,0.0007852051444913466,0.0009209715106664575,200
500,Negativity,-0.38219422148660387,0.0012130507497373766,0.0015138217336221338,0.001318609335010553,200
700,Negativity,-0.4477331377888082,0.0013283875808973722,0.0014708394356932608,0.0014206594634139414,200
1000,Negativity,-0.483654709371656,0.0014592444730249787,0.0015707062600331945,0.0015015347605911206,200
1500,Negativity,-0.5030302841520391,0.0013390740495367037,0.0011091183615224987,0.0011878060529071988,200
2000,Negativity,-0.503481192539567,0.0017022155146423357,0.0015055762306128706,0.0016854560517808857,200
2500,Negativity,-0.5084563527459699,0.0013051196214228789,0.0013713910490048553,0.0013975976917293843,200
3000,Negativity,-0.5095268063694725,0.0012814566674190786,0.001188514781515937,0.0012600378355835389,200
350,Purity,-0.95,0.0,0.0,1.1130090340862554e-16,200
365,Purity,-0.95,0.0,0.0,1.1130090340862554e-16,200
500,Purity,-0.95,0.0,0.0,1.1130090340862554e-16,200
700,Purity,-0.5488783165389219,0.0013037269853444222,0.001587480011736031,0.0014332072172042476,200
1000,Purity,-0.5353784759506678,0.001364342867584356,0.00139174826538635,0.001420927638864516,200
1500,Purity,-0.5389806288480855,0.001600540896464997,0.0012020549228020094,0.0014266309503294249,200
2000,Purity,-0.5375100923134206,0.0014760909043854964,0.0015074047165216653,0.00153344554443746,200
2500,Purity,-0.5401921941255784,0.0017700063187191528,0.001531790110209097,0.001693536108344346,200
3000,Purity,-0.5398615798661202,0.0014397524390977745,0.0015242959585138882,0.0015383284648474633,200
